<application>
  <component name="com.intellij.ide.ui.customization.CustomActionsSchema">
    <group value="AtomFileIcons.Actions" is_group="true" forse_popup="false" action_type="-1" position="7">
      <path value="root" />
      <path value="メインツールバー" />
      <path value="右" />
    </group>
    <group value="AtomFileIcons.OldToolbar" is_group="true" forse_popup="false" action_type="-1" position="6">
      <path value="root" />
      <path value="メインツールバー" />
      <path value="右" />
    </group>
  </component>
</application>