<application>
  <component name="ProjectManager">
    <defaultProject>
      <component name="CheckStyle-IDEA" serialisationVersion="2">
        <checkstyleVersion>10.26.1</checkstyleVersion>
        <scanScope>JavaOnly</scanScope>
        <option name="locations">
          <list>
            <ConfigurationLocation id="bundled-sun-checks" type="BUNDLED" scope="All" description="Sun Checks">(bundled)</ConfigurationLocation>
            <ConfigurationLocation id="bundled-google-checks" type="BUNDLED" scope="All" description="Google Checks">(bundled)</ConfigurationLocation>
          </list>
        </option>
      </component>
      <component name="FormatOnSaveOptions">
        <option name="myRunOnSave" value="true" />
      </component>
      <component name="InspectionProjectProfileManager">
        <profile version="1.0">
          <option name="myName" value="Project Default" />
          <inspection_tool class="GrazieInspection" enabled="false" level="GRAMMAR_ERROR" enabled_by_default="false" />
          <inspection_tool class="LanguageDetectionInspection" enabled="false" level="WEAK WARNING" enabled_by_default="false" />
          <inspection_tool class="SpellCheckingInspection" enabled="false" level="TYPO" enabled_by_default="false" />
        </profile>
        <option name="PROJECT_PROFILE" value="Default" />
        <option name="USE_PROJECT_PROFILE" value="false" />
        <version value="1.0" />
      </component>
      <component name="OptimizeOnSaveOptions">
        <option name="myRunOnSave" value="true" />
      </component>
      <component name="ProjectDictionaryState">
        <dictionary name="project" />
      </component>
      <component name="ProjectInspectionProfilesVisibleTreeState">
        <entry key="Project Default">
          <profile-state>
            <selected-state>
              <State>
                <id>校正</id>
              </State>
            </selected-state>
          </profile-state>
        </entry>
      </component>
      <component name="ProjectView">
        <navigator proportions="" version="1" />
        <panes />
      </component>
      <component name="ProjectViewState">
        <option name="hideEmptyMiddlePackages" value="true" />
        <option name="showLibraryContents" value="true" />
      </component>
      <component name="PropertiesComponent">{
  &quot;keyToString&quot;: {
    &quot;code.cleanup.on.save&quot;: &quot;true&quot;,
    &quot;node.js.selected.package.eslint&quot;: &quot;(autodetect)&quot;,
    &quot;rearrange.code.on.save&quot;: &quot;true&quot;,
    &quot;settings.editor.selected.configurable&quot;: &quot;configurable.group.tools&quot;
  }
}</component>
      <component name="ReaderModeSettings">
        <option name="enabled" value="false" />
      </component>
      <component name="TaskManager">
        <task active="true" id="Default" summary="デフォルトタスク">
          <created>1754265717254</created>
          <option name="number" value="Default" />
          <option name="presentableId" value="Default" />
          <updated>1754265717254</updated>
          <workItem from="1754265719340" duration="984000" />
        </task>
        <servers />
      </component>
      <component name="TimeTrackingManager">
        <option name="totallyTimeSpent" value="984000" />
      </component>
      <component name="WindowStateProjectService">
        <state x="425" y="347" key="#Language_and_Region" timestamp="1754037721769">
          <screen x="0" y="38" width="1512" height="944" />
        </state>
        <state x="425" y="347" key="#Language_and_Region/0.38.1512.944/0.-1055.1920.1055/-1080.-1055.1080.1895" timestamp="1754037721769" />
        <state x="461" y="295" key="#com.intellij.ide.actions.ChooseComponentsToExportDialog" timestamp="1754266771243">
          <screen x="0" y="38" width="1512" height="944" />
        </state>
        <state x="461" y="295" key="#com.intellij.ide.actions.ChooseComponentsToExportDialog/0.38.1512.944/0.-1055.1920.1055/-1080.-1055.1080.1895" timestamp="1754266771243" />
        <state x="205" y="93" width="1147" height="722" key="SettingsEditor" timestamp="1754266929704">
          <screen x="0" y="38" width="1512" height="944" />
        </state>
        <state x="205" y="93" width="1147" height="722" key="SettingsEditor/0.38.1512.944/0.-1055.1920.1055/-1080.-1055.1080.1895" timestamp="1754266929704" />
        <state x="247" y="241" key="org.sonarlint.intellij.config.global.wizard.ServerConnectionWizard$ServerConnectionWizardEx" timestamp="1754266754596">
          <screen x="0" y="38" width="1512" height="944" />
        </state>
        <state x="247" y="241" key="org.sonarlint.intellij.config.global.wizard.ServerConnectionWizard$ServerConnectionWizardEx/0.38.1512.944/0.-1055.1920.1055/-1080.-1055.1080.1895" timestamp="1754266754596" />
      </component>
      <component name="masterDetails">
        <states>
          <state key="Copyright.UI">
            <settings>
              <splitter-proportions>
                <option name="proportions">
                  <list>
                    <option value="0.2" />
                  </list>
                </option>
              </splitter-proportions>
            </settings>
          </state>
          <state key="ScopeChooserConfigurable.UI">
            <settings>
              <splitter-proportions>
                <option name="proportions">
                  <list>
                    <option value="0.2" />
                  </list>
                </option>
              </splitter-proportions>
            </settings>
          </state>
        </states>
      </component>
    </defaultProject>
  </component>
</application>