<application>
  <component name="ProjectManager">
    <defaultProject>
      <component name="CheckStyle-IDEA" serialisationVersion="2">
        <checkstyleVersion>10.23.0</checkstyleVersion>
        <scanScope>JavaOnly</scanScope>
        <option name="locations">
          <list>
            <ConfigurationLocation id="bundled-sun-checks" type="BUNDLED" scope="All" description="Sun Checks">(bundled)</ConfigurationLocation>
            <ConfigurationLocation id="bundled-google-checks" type="BUNDLED" scope="All" description="Google Checks">(bundled)</ConfigurationLocation>
          </list>
        </option>
      </component>
      <component name="PropertiesComponent"><![CDATA[{
  "keyToString": {
    "settings.editor.selected.configurable": "preferences.lookFeel"
  }
}]]></component>
      <component name="WindowStateProjectService">
        <state x="261" y="69" width="1280" height="924" key="SettingsEditor" timestamp="1747917171865">
          <screen x="0" y="38" width="1728" height="1079" />
        </state>
        <state x="261" y="69" width="1280" height="924" key="SettingsEditor/0.38.1728.1079/-93.-1055.1920.1055" timestamp="1747917171865" />
        <state x="464" y="169" width="827" height="675" key="new project wizard" timestamp="1747917194512">
          <screen x="0" y="38" width="1728" height="1079" />
        </state>
        <state x="464" y="169" width="827" height="675" key="new project wizard/0.38.1728.1079/-93.-1055.1920.1055" timestamp="1747917194512" />
      </component>
    </defaultProject>
  </component>
</application>