<application>
  <component name="ProjectManager">
    <defaultProject>
      <component name="CheckStyle-IDEA" serialisationVersion="2">
        <checkstyleVersion>10.23.0</checkstyleVersion>
        <scanScope>JavaOnly</scanScope>
        <option name="activeLocationIds">
          <option value="5389c3f5-5311-4ae9-9d6f-a11a0f5433e9" />
        </option>
        <option name="locations">
          <list>
            <ConfigurationLocation id="bundled-sun-checks" type="BUNDLED" scope="All" description="Sun Checks">(bundled)</ConfigurationLocation>
            <ConfigurationLocation id="bundled-google-checks" type="BUNDLED" scope="All" description="Google Checks">(bundled)</ConfigurationLocation>
            <ConfigurationLocation id="5389c3f5-5311-4ae9-9d6f-a11a0f5433e9" type="LOCAL_FILE" scope="All" description="Yahoo Japan Checkstyle">$USER_HOME$/Downloads/yj_checkstyle.xml</ConfigurationLocation>
          </list>
        </option>
      </component>
      <component name="FormatOnSaveOptions">
        <option name="myRunOnSave" value="true" />
      </component>
      <component name="InspectionProjectProfileManager">
        <profile version="1.0">
          <option name="myName" value="Project Default" />
          <inspection_tool class="GrazieInspection" enabled="false" level="GRAMMAR_ERROR" enabled_by_default="false" />
          <inspection_tool class="LanguageDetectionInspection" enabled="false" level="WEAK WARNING" enabled_by_default="false" />
          <inspection_tool class="SpellCheckingInspection" enabled="false" level="TYPO" enabled_by_default="false" />
        </profile>
        <version value="1.0" />
      </component>
      <component name="OptimizeOnSaveOptions">
        <option name="myRunOnSave" value="true" />
      </component>
      <component name="ProjectInspectionProfilesVisibleTreeState">
        <entry key="Project Default">
          <profile-state>
            <expanded-state>
              <State>
                <id>GradleKotlin、移行</id>
              </State>
              <State>
                <id>Java</id>
              </State>
              <State>
                <id>Kotlin</id>
              </State>
              <State>
                <id>Kotlin、移行</id>
              </State>
              <State>
                <id>冗長または不要なコード構成Java</id>
              </State>
              <State>
                <id>国際化Java</id>
              </State>
              <State>
                <id>潜在的なバグJava</id>
              </State>
            </expanded-state>
            <selected-state>
              <State>
                <id>校正</id>
              </State>
            </selected-state>
          </profile-state>
        </entry>
      </component>
      <component name="PropertiesComponent"><![CDATA[{
  "keyToString": {
    "code.cleanup.on.save": "true",
    "rearrange.code.on.save": "true",
    "settings.editor.selected.configurable": "preferences.pluginManager"
  }
}]]></component>
      <component name="TaskManager">
        <task active="true" id="Default" summary="デフォルトタスク">
          <created>1752051913948</created>
          <option name="number" value="Default" />
          <option name="presentableId" value="Default" />
          <updated>1752051913948</updated>
        </task>
        <servers />
      </component>
      <component name="WindowStateProjectService">
        <state x="355" y="161" key="#com.intellij.openapi.updateSettings.impl.PluginUpdateInfoDialog" timestamp="1751378722649">
          <screen x="0" y="38" width="1512" height="944" />
        </state>
        <state x="355" y="161" key="#com.intellij.openapi.updateSettings.impl.PluginUpdateInfoDialog/0.38.1512.944/-408.-1055.1920.1055/1512.-1055.1080.1895" timestamp="1751378722649" />
        <state x="148" y="106" key="SettingsEditor" timestamp="1753366537861">
          <screen x="0" y="38" width="1512" height="944" />
        </state>
        <state x="148" y="106" key="SettingsEditor/0.38.1512.944" timestamp="1753366537861" />
        <state x="148" y="106" key="SettingsEditor/0.38.1512.944/-194.-1055.1920.1055" timestamp="1745205889695" />
        <state x="148" y="106" key="SettingsEditor/0.38.1512.944/-195.-1055.1920.1055" timestamp="1747866007881" />
        <state x="148" y="106" key="SettingsEditor/0.38.1512.944/-408.-1055.1920.1055/1512.-1055.1080.1895" timestamp="1751378691337" />
        <state x="456" y="162" width="800" height="675" key="new project wizard" timestamp="1751347096787">
          <screen x="0" y="38" width="1512" height="944" />
        </state>
        <state x="456" y="162" key="new project wizard/0.38.1512.944" timestamp="1748131761946" />
        <state x="456" y="162" width="800" height="761" key="new project wizard/0.38.1512.944/-194.-1055.1920.1055" timestamp="1745205911508" />
        <state x="456" y="162" width="800" height="675" key="new project wizard/0.38.1512.944/-408.-1055.1920.1055/1512.-1055.1080.1895" timestamp="1751347096787" />
      </component>
      <component name="masterDetails">
        <states>
          <state key="ScopeChooserConfigurable.UI">
            <settings>
              <splitter-proportions>
                <option name="proportions">
                  <list>
                    <option value="0.2" />
                  </list>
                </option>
              </splitter-proportions>
            </settings>
          </state>
        </states>
      </component>
    </defaultProject>
  </component>
</application>