<application>
  <component name="SonarLintGlobalSettings">
    <option name="sonarQubeServers">
      <list>
        <SonarQubeServer>
          <option name="hostUrl" value="https://sonar.linecorp.com" />
          <token>dfd9dfdbdfdfdff5dfcedf9edf9fdf9bdf9cdf9bdfcedf99df9edf98df9bdf98df92dfc9df98df9cdf9bdfc9dfcfdf99df98df9fdf9fdf99dfcedfccdfcbdf92df9fdfcedfc9df9cdf9edfcbdfccdfcedf9edf99df9ddf92</token>
          <option name="name" value="linecorp" />
        </SonarQubeServer>
      </list>
    </option>
    <rules />
  </component>
</application>