<application>
  <component name="Trusted.Paths">
    <option name="TRUSTED_PROJECT_PATHS">
      <map>
        <entry key="$USER_HOME$/IdeaProjects/untitled" value="true" />
        <entry key="$USER_HOME$/works/dev/team-a" value="true" />
        <entry key="$USER_HOME$/works/dev/team-a/backend" value="true" />
        <entry key="$USER_HOME$/works/dev/teama-knowhub" value="true" />
        <entry key="$USER_HOME$/works/dev/teama-knowhub/server" value="true" />
        <entry key="$USER_HOME$/works/dev/teama-knowhub/untitled" value="true" />
        <entry key="$USER_HOME$/works/tmp/javalun" value="true" />
      </map>
    </option>
  </component>
  <component name="Trusted.Paths.Settings">
    <option name="TRUSTED_PATHS">
      <list>
        <option value="$USER_HOME$/works/dev" />
      </list>
    </option>
  </component>
</application>