<application>
  <component name="Trusted.Paths">
    <option name="TRUSTED_PROJECT_PATHS">
      <map>
        <entry key="$USER_HOME$/IdeaProjects/untitled" value="true" />
        <entry key="$USER_HOME$/dev/app/r3u-api" value="true" />
        <entry key="$USER_HOME$/dev/app/r3uapi" value="true" />
        <entry key="$USER_HOME$/dev/app/trdst" value="true" />
      </map>
    </option>
  </component>
  <component name="Trusted.Paths.Settings">
    <option name="TRUSTED_PATHS">
      <list>
        <option value="$USER_HOME$" />
      </list>
    </option>
  </component>
</application>