<application>
  <component name="UpdatesConfigurable">
    <option name="CHECK_NEEDED" value="false" />
    <option name="LAST_BUILD_CHECKED" value="IU-251.27812.49" />
    <option name="LAST_TIME_CHECKED" value="1754266927866" />
    <option name="OBSOLETE_CUSTOM_REPOSITORIES_CLEAN_NEEDED" value="false" />
    <option name="PLUGINS_AUTO_UPDATE" value="true" />
    <option name="SHOW_WHATS_NEW_EDITOR" value="false" />
    <option name="THIRD_PARTY_PLUGINS_ALLOWED" value="true" />
    <option name="WHATS_NEW_SHOWN_FOR" value="251" />
  </component>
</application>