<application>
  <component name="WindowManager">
    <frame x="0" y="38" width="1512" height="944" extendedState="6" />
  </component>
  <component name="WindowStateApplicationService">
    <state x="756" y="461" width="800" height="650" key="WELCOME_SCREEN" timestamp="1754266924108">
      <screen x="0" y="38" width="1512" height="944" />
    </state>
    <state x="756" y="461" width="800" height="650" key="WELCOME_SCREEN/0.38.1512.944/0.-1055.1920.1055/-1080.-1055.1080.1895" timestamp="1754266924108" />
  </component>
</application>