<application>
  <component name="DimensionService">
    <location key="find.popup.0.0.3024.1964@192dpi" x="982" y="346" />
    <size key="GridCell.Tab.0.left.0.0.3024.1964@192dpi" width="2892" height="558" />
    <size key="GridCell.Tab.0.center.0.0.3024.1964@192dpi" width="2892" height="558" />
    <size key="GridCell.Tab.0.right.0.0.3024.1964@192dpi" width="2892" height="558" />
    <size key="GridCell.Tab.0.bottom.0.0.3024.1964@192dpi" width="2892" height="558" />
    <size key="find.popup.0.0.3024.1964@192dpi" width="1730" height="1044" />
    <size key="GridCell.Tab.1.left.0.0.3024.1964@192dpi" width="2892" height="558" />
    <size key="GridCell.Tab.1.center.0.0.3024.1964@192dpi" width="2892" height="558" />
    <size key="GridCell.Tab.1.right.0.0.3024.1964@192dpi" width="2892" height="558" />
    <size key="GridCell.Tab.1.bottom.0.0.3024.1964@192dpi" width="2892" height="558" />
  </component>
  <component name="WindowManager">
    <frame x="0" y="38" width="1512" height="944" extendedState="6" />
  </component>
  <component name="WindowStateApplicationService">
    <state width="797" height="118" key="ShowUsagesActions.dimensionServiceKey" timestamp="1752637255836">
      <screen x="0" y="38" width="1512" height="944" />
    </state>
    <state width="797" height="118" key="ShowUsagesActions.dimensionServiceKey/0.38.1512.944" timestamp="1752637255836" />
    <state width="819" height="184" key="ShowUsagesActions.dimensionServiceKey/0.38.1512.944/-195.-1055.1920.1055" timestamp="1747819571266" />
    <state width="796" height="294" key="ShowUsagesActions.dimensionServiceKey/0.38.1512.944/-408.-1055.1920.1055/1512.-1055.1080.1895" timestamp="1751352248982" />
    <state x="756" y="510" width="1512" height="944" key="WELCOME_SCREEN" timestamp="1753366537868">
      <screen x="0" y="38" width="1512" height="944" />
    </state>
    <state x="756" y="510" width="1512" height="944" key="WELCOME_SCREEN/0.38.1512.944" timestamp="1753366537868" />
    <state x="756" y="487" width="1000" height="813" key="WELCOME_SCREEN/0.38.1512.944/-194.-1055.1920.1055" timestamp="1745205901413" />
    <state x="756" y="487" width="1000" height="813" key="WELCOME_SCREEN/0.38.1512.944/-195.-1055.1920.1055" timestamp="1747865990482" />
    <state x="755" y="461" width="919" height="650" key="WELCOME_SCREEN/0.38.1512.944/-408.-1055.1920.1055/1512.-1055.1080.1895" timestamp="1752717617098" />
    <state x="755" y="461" width="825" height="650" key="WELCOME_SCREEN/0.38.1512.944/1512.-1055.1080.1895/-408.-1055.1920.1055" timestamp="1750037935530" />
    <state x="266" y="380" key="ide.config.custom.settings" timestamp="1751378714051">
      <screen x="0" y="38" width="1512" height="944" />
    </state>
    <state x="266" y="380" key="ide.config.custom.settings/0.38.1512.944/-408.-1055.1920.1055/1512.-1055.1080.1895" timestamp="1751378714051" />
  </component>
</application>