<application>
  <component name="DimensionService">
    <location key="find.popup.0.0.3456.2234@192dpi" x="1198" y="346" />
    <size key="find.popup.0.0.3456.2234@192dpi" width="1730" height="1566" />
  </component>
  <component name="WindowManager">
    <frame x="-6" y="51" width="1728" height="1079" extendedState="6" />
  </component>
  <component name="WindowStateApplicationService">
    <state x="864" y="514" width="1004" height="703" key="WELCOME_SCREEN" timestamp="1748423970937">
      <screen x="0" y="38" width="1728" height="1079" />
    </state>
    <state x="864" y="514" width="1004" height="703" key="WELCOME_SCREEN/0.38.1728.1079" timestamp="1748423970937" />
    <state x="864" y="514" width="1004" height="703" key="WELCOME_SCREEN/0.38.1728.1079/-93.-1055.1920.1055" timestamp="1748132018987" />
  </component>
</application>